run_id,listed_in_viewer,index_frame_count,distinct_measured_times,first_t_tcc,last_t_tcc,mesh_bytes,scientific_status,index_url,issues
apkM05_L4_chi10,True,21,21,0.0,5.0,950909,historical; matched-code comparability not certified,https://raw.githubusercontent.com/KaanBoge/cloud-studio/7b25e3b651dafffb76716bdf0c7d778d2e441182/apkM05_L4_chi10/index.json,
apkM05_L4_chi100,True,21,21,0.0,5.0,278452,historical; matched-code comparability not certified,https://raw.githubusercontent.com/KaanBoge/cloud-studio/7b25e3b651dafffb76716bdf0c7d778d2e441182/apkM05_L4_chi100/index.json,
apkM05_L4_chi1000,True,21,21,0.0,5.0,310921,historical; matched-code comparability not certified,https://raw.githubusercontent.com/KaanBoge/cloud-studio/7b25e3b651dafffb76716bdf0c7d778d2e441182/apkM05_L4_chi1000/index.json,
apkM05_L5_chi10,True,21,21,0.0,5.0,4234334,historical; matched-code comparability not certified,https://raw.githubusercontent.com/KaanBoge/cloud-studio/7b25e3b651dafffb76716bdf0c7d778d2e441182/apkM05_L5_chi10/index.json,
apkM05_L5_chi100,True,21,21,0.0,5.0,2048890,historical; matched-code comparability not certified,https://raw.githubusercontent.com/KaanBoge/cloud-studio/7b25e3b651dafffb76716bdf0c7d778d2e441182/apkM05_L5_chi100/index.json,
apkM05_L5_chi1000,True,21,21,0.0,5.0,2232127,historical; matched-code comparability not certified,https://raw.githubusercontent.com/KaanBoge/cloud-studio/7b25e3b651dafffb76716bdf0c7d778d2e441182/apkM05_L5_chi1000/index.json,
apkM15_L4_chi10,True,16,16,0.0,5.002,477121,historical; matched-code comparability not certified,https://raw.githubusercontent.com/KaanBoge/cloud-studio/7b25e3b651dafffb76716bdf0c7d778d2e441182/apkM15_L4_chi10/index.json,
apkM15_L4_chi100,True,16,16,0.0,5.001,337865,historical; matched-code comparability not certified,https://raw.githubusercontent.com/KaanBoge/cloud-studio/7b25e3b651dafffb76716bdf0c7d778d2e441182/apkM15_L4_chi100/index.json,
apkM15_L4_chi1000,True,16,16,0.0,5.001,326279,historical; matched-code comparability not certified,https://raw.githubusercontent.com/KaanBoge/cloud-studio/7b25e3b651dafffb76716bdf0c7d778d2e441182/apkM15_L4_chi1000/index.json,
apkM15_L5_chi10,True,16,16,0.0,5.001,1994714,historical; matched-code comparability not certified,https://raw.githubusercontent.com/KaanBoge/cloud-studio/7b25e3b651dafffb76716bdf0c7d778d2e441182/apkM15_L5_chi10/index.json,
apkM15_L5_chi100,True,16,16,0.0,5.0,1576699,historical; matched-code comparability not certified,https://raw.githubusercontent.com/KaanBoge/cloud-studio/7b25e3b651dafffb76716bdf0c7d778d2e441182/apkM15_L5_chi100/index.json,
apkM15_L5_chi1000,True,16,16,0.0,5.0,1592171,historical; matched-code comparability not certified,https://raw.githubusercontent.com/KaanBoge/cloud-studio/7b25e3b651dafffb76716bdf0c7d778d2e441182/apkM15_L5_chi1000/index.json,
apkM5_L4_chi10,True,21,21,0.0,2.0,3434193,historical; matched-code comparability not certified,https://raw.githubusercontent.com/KaanBoge/cloud-studio/7b25e3b651dafffb76716bdf0c7d778d2e441182/apkM5_L4_chi10/index.json,
apkM5_L5_chi10,True,21,21,0.0,2.0,15019748,historical; matched-code comparability not certified,https://raw.githubusercontent.com/KaanBoge/cloud-studio/7b25e3b651dafffb76716bdf0c7d778d2e441182/apkM5_L5_chi10/index.json,
apkM5_L5_chi100,True,21,21,0.0,2.0,2075412,historical; matched-code comparability not certified,https://raw.githubusercontent.com/KaanBoge/cloud-studio/7b25e3b651dafffb76716bdf0c7d778d2e441182/apkM5_L5_chi100/index.json,
apk_L1_chi10,True,50,50,0.0,5.0,16390,historical; matched-code comparability not certified,https://raw.githubusercontent.com/KaanBoge/cloud-studio/7b25e3b651dafffb76716bdf0c7d778d2e441182/apk_L1_chi10/index.json,
apk_L1_chi100,True,101,101,0.0,5.0,15392,historical; matched-code comparability not certified,https://raw.githubusercontent.com/KaanBoge/cloud-studio/7b25e3b651dafffb76716bdf0c7d778d2e441182/apk_L1_chi100/index.json,
apk_L1_chi1000,True,101,101,0.0,5.0,19233,historical; matched-code comparability not certified,https://raw.githubusercontent.com/KaanBoge/cloud-studio/7b25e3b651dafffb76716bdf0c7d778d2e441182/apk_L1_chi1000/index.json,
apk_L2_chi10,True,100,100,0.0,5.0,148385,historical; matched-code comparability not certified,https://raw.githubusercontent.com/KaanBoge/cloud-studio/7b25e3b651dafffb76716bdf0c7d778d2e441182/apk_L2_chi10/index.json,
apk_L2_chi100,True,101,101,0.0,5.0,52709,historical; matched-code comparability not certified,https://raw.githubusercontent.com/KaanBoge/cloud-studio/7b25e3b651dafffb76716bdf0c7d778d2e441182/apk_L2_chi100/index.json,
apk_L2_chi1000,True,101,101,0.0,5.0,61570,historical; matched-code comparability not certified,https://raw.githubusercontent.com/KaanBoge/cloud-studio/7b25e3b651dafffb76716bdf0c7d778d2e441182/apk_L2_chi1000/index.json,
apk_L3_chi10,True,101,101,0.0,5.0,866024,historical; matched-code comparability not certified,https://raw.githubusercontent.com/KaanBoge/cloud-studio/7b25e3b651dafffb76716bdf0c7d778d2e441182/apk_L3_chi10/index.json,
apk_L3_chi100,True,101,101,0.0,5.0,446286,historical; matched-code comparability not certified,https://raw.githubusercontent.com/KaanBoge/cloud-studio/7b25e3b651dafffb76716bdf0c7d778d2e441182/apk_L3_chi100/index.json,
apk_L3_chi1000,True,101,101,0.0,5.0,378139,historical; matched-code comparability not certified,https://raw.githubusercontent.com/KaanBoge/cloud-studio/7b25e3b651dafffb76716bdf0c7d778d2e441182/apk_L3_chi1000/index.json,
apk_L4_chi10,True,101,101,0.0,5.0,4110449,historical; matched-code comparability not certified,https://raw.githubusercontent.com/KaanBoge/cloud-studio/7b25e3b651dafffb76716bdf0c7d778d2e441182/apk_L4_chi10/index.json,
apk_L4_chi100,True,101,101,0.0,5.0,2122663,historical; matched-code comparability not certified,https://raw.githubusercontent.com/KaanBoge/cloud-studio/7b25e3b651dafffb76716bdf0c7d778d2e441182/apk_L4_chi100/index.json,
apk_L4_chi1000,True,101,101,0.0,5.0,1979975,historical; matched-code comparability not certified,https://raw.githubusercontent.com/KaanBoge/cloud-studio/7b25e3b651dafffb76716bdf0c7d778d2e441182/apk_L4_chi1000/index.json,
apk_L5_chi10,True,101,101,0.0,5.0,18912977,historical; matched-code comparability not certified,https://raw.githubusercontent.com/KaanBoge/cloud-studio/7b25e3b651dafffb76716bdf0c7d778d2e441182/apk_L5_chi10/index.json,
apk_L5_chi100,True,101,101,0.0,5.0,10925872,historical; matched-code comparability not certified,https://raw.githubusercontent.com/KaanBoge/cloud-studio/7b25e3b651dafffb76716bdf0c7d778d2e441182/apk_L5_chi100/index.json,
apk_L5_chi1000,True,101,101,0.0,5.0,10499022,historical; matched-code comparability not certified,https://raw.githubusercontent.com/KaanBoge/cloud-studio/7b25e3b651dafffb76716bdf0c7d778d2e441182/apk_L5_chi1000/index.json,
apk_L6_chi10,True,101,101,0.0,5.0,82561100,historical; matched-code comparability not certified,https://raw.githubusercontent.com/KaanBoge/cloud-studio/7b25e3b651dafffb76716bdf0c7d778d2e441182/apk_L6_chi10/index.json,
apk_L6_chi100,True,101,101,0.0,5.0,52800053,historical; matched-code comparability not certified,https://raw.githubusercontent.com/KaanBoge/cloud-studio/7b25e3b651dafffb76716bdf0c7d778d2e441182/apk_L6_chi100/index.json,
apk_L6_chi1000,True,101,101,0.0,5.0,52320482,historical; matched-code comparability not certified,https://raw.githubusercontent.com/KaanBoge/cloud-studio/7b25e3b651dafffb76716bdf0c7d778d2e441182/apk_L6_chi1000/index.json,
apkcool_L4_chi10,True,21,21,0.0,5.0,837932,historical; cooling was NOT enabled,https://raw.githubusercontent.com/KaanBoge/cloud-studio/7b25e3b651dafffb76716bdf0c7d778d2e441182/apkcool_L4_chi10/index.json,
apkcool_L4_chi100,True,21,21,0.0,5.0,438931,historical; cooling was NOT enabled,https://raw.githubusercontent.com/KaanBoge/cloud-studio/7b25e3b651dafffb76716bdf0c7d778d2e441182/apkcool_L4_chi100/index.json,
apkcool_L4_chi1000,True,21,21,0.0,5.0,407605,historical; cooling was NOT enabled,https://raw.githubusercontent.com/KaanBoge/cloud-studio/7b25e3b651dafffb76716bdf0c7d778d2e441182/apkcool_L4_chi1000/index.json,
apkcool_L5_chi10,True,21,21,0.0,5.0,3885750,historical; cooling was NOT enabled,https://raw.githubusercontent.com/KaanBoge/cloud-studio/7b25e3b651dafffb76716bdf0c7d778d2e441182/apkcool_L5_chi10/index.json,
apkcool_L5_chi100,True,21,21,0.0,5.0,2267454,historical; cooling was NOT enabled,https://raw.githubusercontent.com/KaanBoge/cloud-studio/7b25e3b651dafffb76716bdf0c7d778d2e441182/apkcool_L5_chi100/index.json,
apkcool_L5_chi1000,True,21,21,0.0,5.0,2169670,historical; cooling was NOT enabled,https://raw.githubusercontent.com/KaanBoge/cloud-studio/7b25e3b651dafffb76716bdf0c7d778d2e441182/apkcool_L5_chi1000/index.json,
apkcool_L6_chi10,True,19,19,0.0,4.501,15136747,historical; cooling was NOT enabled,https://raw.githubusercontent.com/KaanBoge/cloud-studio/7b25e3b651dafffb76716bdf0c7d778d2e441182/apkcool_L6_chi10/index.json,
apkcool_L6_chi100,True,13,13,0.0,2.761,4459547,historical; cooling was NOT enabled,https://raw.githubusercontent.com/KaanBoge/cloud-studio/7b25e3b651dafffb76716bdf0c7d778d2e441182/apkcool_L6_chi100/index.json,
arepo_L3_chi10,True,101,101,0.0,5.0,1730308,historical; matched-code comparability not certified,https://raw.githubusercontent.com/KaanBoge/cloud-studio/7b25e3b651dafffb76716bdf0c7d778d2e441182/arepo_L3_chi10/index.json,
arepo_L3_chi100,True,101,101,0.0,5.0,457992,historical; matched-code comparability not certified,https://raw.githubusercontent.com/KaanBoge/cloud-studio/7b25e3b651dafffb76716bdf0c7d778d2e441182/arepo_L3_chi100/index.json,
arepo_L3_chi1000,True,101,101,0.0,5.0,467367,historical; matched-code comparability not certified,https://raw.githubusercontent.com/KaanBoge/cloud-studio/7b25e3b651dafffb76716bdf0c7d778d2e441182/arepo_L3_chi1000/index.json,
arepo_L4_chi10,True,101,101,0.0,5.0,14602558,historical; matched-code comparability not certified,https://raw.githubusercontent.com/KaanBoge/cloud-studio/7b25e3b651dafffb76716bdf0c7d778d2e441182/arepo_L4_chi10/index.json,
arepo_L4_chi100,True,101,101,0.0,5.0,2179493,historical; matched-code comparability not certified,https://raw.githubusercontent.com/KaanBoge/cloud-studio/7b25e3b651dafffb76716bdf0c7d778d2e441182/arepo_L4_chi100/index.json,
arepo_L4_chi1000,True,74,74,0.0,3.652,1665907,historical; matched-code comparability not certified,https://raw.githubusercontent.com/KaanBoge/cloud-studio/7b25e3b651dafffb76716bdf0c7d778d2e441182/arepo_L4_chi1000/index.json,
arepo_L5_chi10,True,101,101,0.0,5.0,4703193,historical; matched-code comparability not certified,https://raw.githubusercontent.com/KaanBoge/cloud-studio/7b25e3b651dafffb76716bdf0c7d778d2e441182/arepo_L5_chi10/index.json,
athppM05_L4_chi10,True,21,21,0.0,5.0,961992,historical; matched-code comparability not certified,https://raw.githubusercontent.com/KaanBoge/cloud-studio/7b25e3b651dafffb76716bdf0c7d778d2e441182/athppM05_L4_chi10/index.json,
athppM05_L4_chi100,True,21,21,0.0,5.0,279068,historical; matched-code comparability not certified,https://raw.githubusercontent.com/KaanBoge/cloud-studio/7b25e3b651dafffb76716bdf0c7d778d2e441182/athppM05_L4_chi100/index.json,
athppM05_L4_chi1000,True,21,21,0.0,5.0,282724,historical; matched-code comparability not certified,https://raw.githubusercontent.com/KaanBoge/cloud-studio/7b25e3b651dafffb76716bdf0c7d778d2e441182/athppM05_L4_chi1000/index.json,
athppM15_L4_chi10,True,16,16,0.0,5.003,472316,historical; matched-code comparability not certified,https://raw.githubusercontent.com/KaanBoge/cloud-studio/7b25e3b651dafffb76716bdf0c7d778d2e441182/athppM15_L4_chi10/index.json,
athppM15_L4_chi100,True,16,16,0.0,5.0,336886,historical; matched-code comparability not certified,https://raw.githubusercontent.com/KaanBoge/cloud-studio/7b25e3b651dafffb76716bdf0c7d778d2e441182/athppM15_L4_chi100/index.json,
athppM15_L4_chi1000,True,16,16,0.0,5.001,335363,historical; matched-code comparability not certified,https://raw.githubusercontent.com/KaanBoge/cloud-studio/7b25e3b651dafffb76716bdf0c7d778d2e441182/athppM15_L4_chi1000/index.json,
athppM5_L4_chi10,True,21,21,0.0,2.0,3318966,historical; matched-code comparability not certified,https://raw.githubusercontent.com/KaanBoge/cloud-studio/7b25e3b651dafffb76716bdf0c7d778d2e441182/athppM5_L4_chi10/index.json,
athppM5_L4_chi100,True,21,21,0.0,2.0,414910,historical; matched-code comparability not certified,https://raw.githubusercontent.com/KaanBoge/cloud-studio/7b25e3b651dafffb76716bdf0c7d778d2e441182/athppM5_L4_chi100/index.json,
athppM5_L4_chi1000,True,21,21,0.0,2.0,371255,historical; matched-code comparability not certified,https://raw.githubusercontent.com/KaanBoge/cloud-studio/7b25e3b651dafffb76716bdf0c7d778d2e441182/athppM5_L4_chi1000/index.json,
athpp_L1_chi10,True,50,50,0.0,5.0,16728,historical; matched-code comparability not certified,https://raw.githubusercontent.com/KaanBoge/cloud-studio/7b25e3b651dafffb76716bdf0c7d778d2e441182/athpp_L1_chi10/index.json,
athpp_L1_chi100,True,101,101,0.0,5.0,15468,historical; matched-code comparability not certified,https://raw.githubusercontent.com/KaanBoge/cloud-studio/7b25e3b651dafffb76716bdf0c7d778d2e441182/athpp_L1_chi100/index.json,
athpp_L1_chi1000,True,101,101,0.0,5.0,19168,historical; matched-code comparability not certified,https://raw.githubusercontent.com/KaanBoge/cloud-studio/7b25e3b651dafffb76716bdf0c7d778d2e441182/athpp_L1_chi1000/index.json,
athpp_L2_chi10,True,42,42,0.0,5.0,17183,historical; matched-code comparability not certified,https://raw.githubusercontent.com/KaanBoge/cloud-studio/7b25e3b651dafffb76716bdf0c7d778d2e441182/athpp_L2_chi10/index.json,
athpp_L2_chi100,True,101,101,0.0,5.0,22755,historical; matched-code comparability not certified,https://raw.githubusercontent.com/KaanBoge/cloud-studio/7b25e3b651dafffb76716bdf0c7d778d2e441182/athpp_L2_chi100/index.json,
athpp_L2_chi1000,True,101,101,0.0,5.0,21127,historical; matched-code comparability not certified,https://raw.githubusercontent.com/KaanBoge/cloud-studio/7b25e3b651dafffb76716bdf0c7d778d2e441182/athpp_L2_chi1000/index.json,
athpp_L3_chi10,True,101,101,0.0,5.0,510190,historical; matched-code comparability not certified,https://raw.githubusercontent.com/KaanBoge/cloud-studio/7b25e3b651dafffb76716bdf0c7d778d2e441182/athpp_L3_chi10/index.json,
athpp_L3_chi100,True,101,101,0.0,5.0,262874,historical; matched-code comparability not certified,https://raw.githubusercontent.com/KaanBoge/cloud-studio/7b25e3b651dafffb76716bdf0c7d778d2e441182/athpp_L3_chi100/index.json,
athpp_L3_chi1000,True,101,101,0.0,5.0,240624,historical; matched-code comparability not certified,https://raw.githubusercontent.com/KaanBoge/cloud-studio/7b25e3b651dafffb76716bdf0c7d778d2e441182/athpp_L3_chi1000/index.json,
athpp_L4_chi10,True,21,21,0.0,5.0,837711,historical; matched-code comparability not certified,https://raw.githubusercontent.com/KaanBoge/cloud-studio/7b25e3b651dafffb76716bdf0c7d778d2e441182/athpp_L4_chi10/index.json,
athpp_L4_chi100,True,21,21,0.0,5.0,439060,historical; matched-code comparability not certified,https://raw.githubusercontent.com/KaanBoge/cloud-studio/7b25e3b651dafffb76716bdf0c7d778d2e441182/athpp_L4_chi100/index.json,
athpp_L4_chi1000,True,21,21,0.0,5.0,410129,historical; matched-code comparability not certified,https://raw.githubusercontent.com/KaanBoge/cloud-studio/7b25e3b651dafffb76716bdf0c7d778d2e441182/athpp_L4_chi1000/index.json,
athpp_L5_chi10,True,21,21,0.0,5.0,3891829,historical; matched-code comparability not certified,https://raw.githubusercontent.com/KaanBoge/cloud-studio/7b25e3b651dafffb76716bdf0c7d778d2e441182/athpp_L5_chi10/index.json,
athpp_L5_chi100,True,21,21,0.0,5.0,2269616,historical; matched-code comparability not certified,https://raw.githubusercontent.com/KaanBoge/cloud-studio/7b25e3b651dafffb76716bdf0c7d778d2e441182/athpp_L5_chi100/index.json,
athpp_L5_chi1000,True,21,21,0.0,5.0,2212160,historical; matched-code comparability not certified,https://raw.githubusercontent.com/KaanBoge/cloud-studio/7b25e3b651dafffb76716bdf0c7d778d2e441182/athpp_L5_chi1000/index.json,
athpp_L6_chi10,True,88,88,0.0,4.352,68398441,historical; matched-code comparability not certified,https://raw.githubusercontent.com/KaanBoge/cloud-studio/7b25e3b651dafffb76716bdf0c7d778d2e441182/athpp_L6_chi10/index.json,
athpp_L6_chi100,True,101,101,0.0,5.0,49493964,historical; matched-code comparability not certified,https://raw.githubusercontent.com/KaanBoge/cloud-studio/7b25e3b651dafffb76716bdf0c7d778d2e441182/athpp_L6_chi100/index.json,
athppgal_L4_chi10,True,21,21,0.0,5.0,824282,historical; tracking not certified,https://raw.githubusercontent.com/KaanBoge/cloud-studio/7b25e3b651dafffb76716bdf0c7d778d2e441182/athppgal_L4_chi10/index.json,
athppgal_L4_chi100,True,21,21,0.0,5.0,440343,historical; tracking not certified,https://raw.githubusercontent.com/KaanBoge/cloud-studio/7b25e3b651dafffb76716bdf0c7d778d2e441182/athppgal_L4_chi100/index.json,
athppgal_L4_chi1000,True,21,21,0.0,5.0,388160,historical; tracking not certified,https://raw.githubusercontent.com/KaanBoge/cloud-studio/7b25e3b651dafffb76716bdf0c7d778d2e441182/athppgal_L4_chi1000/index.json,
athwM05_L4_chi10,True,21,21,0.0,5.0,1001739,historical; matched-code comparability not certified,https://raw.githubusercontent.com/KaanBoge/cloud-studio/7b25e3b651dafffb76716bdf0c7d778d2e441182/athwM05_L4_chi10/index.json,
athwM05_L4_chi100,True,21,21,0.0,5.0,354177,historical; matched-code comparability not certified,https://raw.githubusercontent.com/KaanBoge/cloud-studio/7b25e3b651dafffb76716bdf0c7d778d2e441182/athwM05_L4_chi100/index.json,
athwM05_L4_chi1000,True,21,21,0.0,5.0,356098,historical; matched-code comparability not certified,https://raw.githubusercontent.com/KaanBoge/cloud-studio/7b25e3b651dafffb76716bdf0c7d778d2e441182/athwM05_L4_chi1000/index.json,
athwM15_L4_chi10,True,16,16,0.0,5.0,465790,historical; matched-code comparability not certified,https://raw.githubusercontent.com/KaanBoge/cloud-studio/7b25e3b651dafffb76716bdf0c7d778d2e441182/athwM15_L4_chi10/index.json,
athwM15_L4_chi100,True,16,16,0.0,5.002,357438,historical; matched-code comparability not certified,https://raw.githubusercontent.com/KaanBoge/cloud-studio/7b25e3b651dafffb76716bdf0c7d778d2e441182/athwM15_L4_chi100/index.json,
athwM15_L4_chi1000,True,16,16,0.0,5.001,370787,historical; matched-code comparability not certified,https://raw.githubusercontent.com/KaanBoge/cloud-studio/7b25e3b651dafffb76716bdf0c7d778d2e441182/athwM15_L4_chi1000/index.json,
athwM5_L4_chi10,True,8,8,0.0,2.0,20360,historical; matched-code comparability not certified,https://raw.githubusercontent.com/KaanBoge/cloud-studio/7b25e3b651dafffb76716bdf0c7d778d2e441182/athwM5_L4_chi10/index.json,
athwM5_L4_chi100,False,6,6,0.0,2.0,19695,historical; matched-code comparability not certified,https://raw.githubusercontent.com/KaanBoge/cloud-studio/7b25e3b651dafffb76716bdf0c7d778d2e441182/athwM5_L4_chi100/index.json,
athwM5_L4_chi1000,True,21,21,0.0,2.0,435308,historical; matched-code comparability not certified,https://raw.githubusercontent.com/KaanBoge/cloud-studio/7b25e3b651dafffb76716bdf0c7d778d2e441182/athwM5_L4_chi1000/index.json,
athw_L1_chi10,True,50,50,0.0,5.0,19258,historical; matched-code comparability not certified,https://raw.githubusercontent.com/KaanBoge/cloud-studio/7b25e3b651dafffb76716bdf0c7d778d2e441182/athw_L1_chi10/index.json,
athw_L1_chi100,True,101,101,0.0,5.0,17128,historical; matched-code comparability not certified,https://raw.githubusercontent.com/KaanBoge/cloud-studio/7b25e3b651dafffb76716bdf0c7d778d2e441182/athw_L1_chi100/index.json,
athw_L1_chi1000,True,101,101,0.0,5.0,18147,historical; matched-code comparability not certified,https://raw.githubusercontent.com/KaanBoge/cloud-studio/7b25e3b651dafffb76716bdf0c7d778d2e441182/athw_L1_chi1000/index.json,
athw_L2_chi10,True,100,100,0.0,5.0,145654,historical; matched-code comparability not certified,https://raw.githubusercontent.com/KaanBoge/cloud-studio/7b25e3b651dafffb76716bdf0c7d778d2e441182/athw_L2_chi10/index.json,
athw_L2_chi100,True,101,101,0.0,5.0,77063,historical; matched-code comparability not certified,https://raw.githubusercontent.com/KaanBoge/cloud-studio/7b25e3b651dafffb76716bdf0c7d778d2e441182/athw_L2_chi100/index.json,
athw_L2_chi1000,True,101,101,0.0,5.0,73930,historical; matched-code comparability not certified,https://raw.githubusercontent.com/KaanBoge/cloud-studio/7b25e3b651dafffb76716bdf0c7d778d2e441182/athw_L2_chi1000/index.json,
athw_L3_chi10,True,101,101,0.0,5.0,880341,historical; matched-code comparability not certified,https://raw.githubusercontent.com/KaanBoge/cloud-studio/7b25e3b651dafffb76716bdf0c7d778d2e441182/athw_L3_chi10/index.json,
athw_L3_chi100,True,101,101,0.0,5.0,444887,historical; matched-code comparability not certified,https://raw.githubusercontent.com/KaanBoge/cloud-studio/7b25e3b651dafffb76716bdf0c7d778d2e441182/athw_L3_chi100/index.json,
athw_L3_chi1000,True,101,101,0.0,5.0,417995,historical; matched-code comparability not certified,https://raw.githubusercontent.com/KaanBoge/cloud-studio/7b25e3b651dafffb76716bdf0c7d778d2e441182/athw_L3_chi1000/index.json,
athw_L4_chi10,True,101,101,0.0,5.0,4368208,historical; matched-code comparability not certified,https://raw.githubusercontent.com/KaanBoge/cloud-studio/7b25e3b651dafffb76716bdf0c7d778d2e441182/athw_L4_chi10/index.json,
athw_L4_chi100,True,101,101,0.0,5.0,2378868,historical; matched-code comparability not certified,https://raw.githubusercontent.com/KaanBoge/cloud-studio/7b25e3b651dafffb76716bdf0c7d778d2e441182/athw_L4_chi100/index.json,
athw_L4_chi1000,True,101,101,0.0,5.0,2296391,historical; matched-code comparability not certified,https://raw.githubusercontent.com/KaanBoge/cloud-studio/7b25e3b651dafffb76716bdf0c7d778d2e441182/athw_L4_chi1000/index.json,
athw_L6_chi10,True,13,13,0.0,4.997,10864612,historical; matched-code comparability not certified,https://raw.githubusercontent.com/KaanBoge/cloud-studio/7b25e3b651dafffb76716bdf0c7d778d2e441182/athw_L6_chi10/index.json,
athw_L6_chi100,True,11,11,0.0,4.157,6302660,historical; matched-code comparability not certified,https://raw.githubusercontent.com/KaanBoge/cloud-studio/7b25e3b651dafffb76716bdf0c7d778d2e441182/athw_L6_chi100/index.json,
athw_L6r_chi100,True,101,101,0.0,5.0,65523547,historical; matched-code comparability not certified,https://raw.githubusercontent.com/KaanBoge/cloud-studio/7b25e3b651dafffb76716bdf0c7d778d2e441182/athw_L6r_chi100/index.json,
athw_L6r_chi1000,True,100,100,0.0,4.95,60553296,historical; matched-code comparability not certified,https://raw.githubusercontent.com/KaanBoge/cloud-studio/7b25e3b651dafffb76716bdf0c7d778d2e441182/athw_L6r_chi1000/index.json,
enzoM05_L4_chi10,True,22,22,0.0,5.0,1291680,historical; matched-code comparability not certified,https://raw.githubusercontent.com/KaanBoge/cloud-studio/7b25e3b651dafffb76716bdf0c7d778d2e441182/enzoM05_L4_chi10/index.json,
enzoM05_L4_chi100,True,22,22,0.0,5.0,498880,historical; matched-code comparability not certified,https://raw.githubusercontent.com/KaanBoge/cloud-studio/7b25e3b651dafffb76716bdf0c7d778d2e441182/enzoM05_L4_chi100/index.json,
enzoM05_L4_chi1000,True,22,22,0.0,5.0,536352,historical; matched-code comparability not certified,https://raw.githubusercontent.com/KaanBoge/cloud-studio/7b25e3b651dafffb76716bdf0c7d778d2e441182/enzoM05_L4_chi1000/index.json,
enzoM15_L4_chi10,True,16,16,0.0,5.0,500752,historical; matched-code comparability not certified,https://raw.githubusercontent.com/KaanBoge/cloud-studio/7b25e3b651dafffb76716bdf0c7d778d2e441182/enzoM15_L4_chi10/index.json,
enzoM15_L4_chi100,True,16,16,0.0,5.0,455517,historical; matched-code comparability not certified,https://raw.githubusercontent.com/KaanBoge/cloud-studio/7b25e3b651dafffb76716bdf0c7d778d2e441182/enzoM15_L4_chi100/index.json,
enzoM15_L4_chi1000,True,16,16,0.0,5.0,474303,historical; matched-code comparability not certified,https://raw.githubusercontent.com/KaanBoge/cloud-studio/7b25e3b651dafffb76716bdf0c7d778d2e441182/enzoM15_L4_chi1000/index.json,
enzoM5_L4_chi10,True,21,21,0.0,2.0,3622968,historical; matched-code comparability not certified,https://raw.githubusercontent.com/KaanBoge/cloud-studio/7b25e3b651dafffb76716bdf0c7d778d2e441182/enzoM5_L4_chi10/index.json,
enzoM5_L4_chi100,True,21,21,0.0,2.0,474499,historical; matched-code comparability not certified,https://raw.githubusercontent.com/KaanBoge/cloud-studio/7b25e3b651dafffb76716bdf0c7d778d2e441182/enzoM5_L4_chi100/index.json,
enzoM5_L4_chi1000,True,21,21,0.0,2.0,512758,historical; matched-code comparability not certified,https://raw.githubusercontent.com/KaanBoge/cloud-studio/7b25e3b651dafffb76716bdf0c7d778d2e441182/enzoM5_L4_chi1000/index.json,
enzo_L1_chi10,True,101,101,0.0,5.0,43566,historical; matched-code comparability not certified,https://raw.githubusercontent.com/KaanBoge/cloud-studio/7b25e3b651dafffb76716bdf0c7d778d2e441182/enzo_L1_chi10/index.json,
enzo_L1_chi100,True,101,101,0.0,5.0,17488,historical; matched-code comparability not certified,https://raw.githubusercontent.com/KaanBoge/cloud-studio/7b25e3b651dafffb76716bdf0c7d778d2e441182/enzo_L1_chi100/index.json,
enzo_L1_chi1000,True,101,101,0.0,5.0,21080,historical; matched-code comparability not certified,https://raw.githubusercontent.com/KaanBoge/cloud-studio/7b25e3b651dafffb76716bdf0c7d778d2e441182/enzo_L1_chi1000/index.json,
enzo_L2_chi10,True,101,101,0.0,5.0,157357,historical; matched-code comparability not certified,https://raw.githubusercontent.com/KaanBoge/cloud-studio/7b25e3b651dafffb76716bdf0c7d778d2e441182/enzo_L2_chi10/index.json,
enzo_L2_chi100,True,101,101,0.0,5.0,91806,historical; matched-code comparability not certified,https://raw.githubusercontent.com/KaanBoge/cloud-studio/7b25e3b651dafffb76716bdf0c7d778d2e441182/enzo_L2_chi100/index.json,
enzo_L2_chi1000,True,101,101,0.0,5.0,73728,historical; matched-code comparability not certified,https://raw.githubusercontent.com/KaanBoge/cloud-studio/7b25e3b651dafffb76716bdf0c7d778d2e441182/enzo_L2_chi1000/index.json,
enzo_L3_chi10,True,101,101,0.0,5.0,928349,historical; matched-code comparability not certified,https://raw.githubusercontent.com/KaanBoge/cloud-studio/7b25e3b651dafffb76716bdf0c7d778d2e441182/enzo_L3_chi10/index.json,
enzo_L3_chi100,True,101,101,0.0,5.0,550244,historical; matched-code comparability not certified,https://raw.githubusercontent.com/KaanBoge/cloud-studio/7b25e3b651dafffb76716bdf0c7d778d2e441182/enzo_L3_chi100/index.json,
enzo_L3_chi1000,True,101,101,0.0,5.0,486568,historical; matched-code comparability not certified,https://raw.githubusercontent.com/KaanBoge/cloud-studio/7b25e3b651dafffb76716bdf0c7d778d2e441182/enzo_L3_chi1000/index.json,
enzo_L4_chi10,True,101,101,0.0,5.0,4475466,historical; matched-code comparability not certified,https://raw.githubusercontent.com/KaanBoge/cloud-studio/7b25e3b651dafffb76716bdf0c7d778d2e441182/enzo_L4_chi10/index.json,
enzo_L4_chi100,True,101,101,0.0,5.0,2820546,historical; matched-code comparability not certified,https://raw.githubusercontent.com/KaanBoge/cloud-studio/7b25e3b651dafffb76716bdf0c7d778d2e441182/enzo_L4_chi100/index.json,
enzo_L4_chi1000,True,101,101,0.0,5.0,2724092,historical; matched-code comparability not certified,https://raw.githubusercontent.com/KaanBoge/cloud-studio/7b25e3b651dafffb76716bdf0c7d778d2e441182/enzo_L4_chi1000/index.json,
enzo_L5_chi10,True,101,101,0.0,5.0,20905692,historical; matched-code comparability not certified,https://raw.githubusercontent.com/KaanBoge/cloud-studio/7b25e3b651dafffb76716bdf0c7d778d2e441182/enzo_L5_chi10/index.json,
enzo_L5_chi100,True,101,101,0.0,5.0,14736737,historical; matched-code comparability not certified,https://raw.githubusercontent.com/KaanBoge/cloud-studio/7b25e3b651dafffb76716bdf0c7d778d2e441182/enzo_L5_chi100/index.json,
enzo_L5_chi1000,True,101,101,0.0,5.0,14517701,historical; matched-code comparability not certified,https://raw.githubusercontent.com/KaanBoge/cloud-studio/7b25e3b651dafffb76716bdf0c7d778d2e441182/enzo_L5_chi1000/index.json,
enzo_L6_chi10,True,90,90,0.0,5.0,86112293,historical; matched-code comparability not certified,https://raw.githubusercontent.com/KaanBoge/cloud-studio/7b25e3b651dafffb76716bdf0c7d778d2e441182/enzo_L6_chi10/index.json,
flash_L6_chi10,True,101,101,0.0,5.001,82399384,historical; matched-code comparability not certified,https://raw.githubusercontent.com/KaanBoge/cloud-studio/7b25e3b651dafffb76716bdf0c7d778d2e441182/flash_L6_chi10/index.json,
flashx_L2_chi10,True,99,99,0.0,5.022,130174,historical; matched-code comparability not certified,https://raw.githubusercontent.com/KaanBoge/cloud-studio/7b25e3b651dafffb76716bdf0c7d778d2e441182/flashx_L2_chi10/index.json,
flashx_L2_chi100,True,101,101,0.0,5.002,76130,historical; matched-code comparability not certified,https://raw.githubusercontent.com/KaanBoge/cloud-studio/7b25e3b651dafffb76716bdf0c7d778d2e441182/flashx_L2_chi100/index.json,
flashx_L3_chi10,True,101,101,0.0,5.019,740632,historical; matched-code comparability not certified,https://raw.githubusercontent.com/KaanBoge/cloud-studio/7b25e3b651dafffb76716bdf0c7d778d2e441182/flashx_L3_chi10/index.json,
flashx_L3_chi100,True,101,101,0.0,5.003,465679,historical; matched-code comparability not certified,https://raw.githubusercontent.com/KaanBoge/cloud-studio/7b25e3b651dafffb76716bdf0c7d778d2e441182/flashx_L3_chi100/index.json,
flashx_L4_chi10,True,101,101,0.0,5.006,4079092,historical; matched-code comparability not certified,https://raw.githubusercontent.com/KaanBoge/cloud-studio/7b25e3b651dafffb76716bdf0c7d778d2e441182/flashx_L4_chi10/index.json,
flashx_L4_chi100,True,101,101,0.0,5.0,2429327,historical; matched-code comparability not certified,https://raw.githubusercontent.com/KaanBoge/cloud-studio/7b25e3b651dafffb76716bdf0c7d778d2e441182/flashx_L4_chi100/index.json,
flashx_L4_chi1000,True,101,101,0.0,5.001,2239439,historical; matched-code comparability not certified,https://raw.githubusercontent.com/KaanBoge/cloud-studio/7b25e3b651dafffb76716bdf0c7d778d2e441182/flashx_L4_chi1000/index.json,
flashx_L5_chi10,True,101,101,0.0,5.003,18907810,historical; matched-code comparability not certified,https://raw.githubusercontent.com/KaanBoge/cloud-studio/7b25e3b651dafffb76716bdf0c7d778d2e441182/flashx_L5_chi10/index.json,
flashx_L5_chi100,True,101,101,0.0,5.002,12275934,historical; matched-code comparability not certified,https://raw.githubusercontent.com/KaanBoge/cloud-studio/7b25e3b651dafffb76716bdf0c7d778d2e441182/flashx_L5_chi100/index.json,
flashx_L5_chi1000,True,101,101,0.0,5.0,12148094,historical; matched-code comparability not certified,https://raw.githubusercontent.com/KaanBoge/cloud-studio/7b25e3b651dafffb76716bdf0c7d778d2e441182/flashx_L5_chi1000/index.json,
gas_L3_chi10,True,100,100,0.05,5.0,1924162,historical; matched-code comparability not certified,https://raw.githubusercontent.com/KaanBoge/cloud-studio/7b25e3b651dafffb76716bdf0c7d778d2e441182/gas_L3_chi10/index.json,
gas_L3_chi100,True,100,100,0.05,5.0,514604,historical; matched-code comparability not certified,https://raw.githubusercontent.com/KaanBoge/cloud-studio/7b25e3b651dafffb76716bdf0c7d778d2e441182/gas_L3_chi100/index.json,
gas_L3_chi1000,True,100,100,0.05,5.0,521959,historical; matched-code comparability not certified,https://raw.githubusercontent.com/KaanBoge/cloud-studio/7b25e3b651dafffb76716bdf0c7d778d2e441182/gas_L3_chi1000/index.json,
gas_L4_chi10,True,100,100,0.05,5.0,17206752,historical; matched-code comparability not certified,https://raw.githubusercontent.com/KaanBoge/cloud-studio/7b25e3b651dafffb76716bdf0c7d778d2e441182/gas_L4_chi10/index.json,
gas_L4_chi100,True,100,100,0.05,5.0,2220363,historical; matched-code comparability not certified,https://raw.githubusercontent.com/KaanBoge/cloud-studio/7b25e3b651dafffb76716bdf0c7d778d2e441182/gas_L4_chi100/index.json,
gas_L4_chi1000,True,96,96,0.05,4.8,2213173,historical; matched-code comparability not certified,https://raw.githubusercontent.com/KaanBoge/cloud-studio/7b25e3b651dafffb76716bdf0c7d778d2e441182/gas_L4_chi1000/index.json,
gas_L5_chi10,True,12,12,0.05,0.6,252,historical; matched-code comparability not certified,https://raw.githubusercontent.com/KaanBoge/cloud-studio/7b25e3b651dafffb76716bdf0c7d778d2e441182/gas_L5_chi10/index.json,
gzmfm_L3_chi10,True,101,101,0.0,5.0,2198276,historical; matched-code comparability not certified,https://raw.githubusercontent.com/KaanBoge/cloud-studio/7b25e3b651dafffb76716bdf0c7d778d2e441182/gzmfm_L3_chi10/index.json,
gzmfm_L3_chi100,True,101,101,0.0,5.0,466473,historical; matched-code comparability not certified,https://raw.githubusercontent.com/KaanBoge/cloud-studio/7b25e3b651dafffb76716bdf0c7d778d2e441182/gzmfm_L3_chi100/index.json,
gzmfm_L3_chi1000,True,101,101,0.0,5.0,473053,historical; matched-code comparability not certified,https://raw.githubusercontent.com/KaanBoge/cloud-studio/7b25e3b651dafffb76716bdf0c7d778d2e441182/gzmfm_L3_chi1000/index.json,
gzmfm_L4_chi10,True,101,101,0.0,5.0,18171337,historical; matched-code comparability not certified,https://raw.githubusercontent.com/KaanBoge/cloud-studio/7b25e3b651dafffb76716bdf0c7d778d2e441182/gzmfm_L4_chi10/index.json,
gzmfm_L4_chi100,True,101,101,0.0,5.0,2240124,historical; matched-code comparability not certified,https://raw.githubusercontent.com/KaanBoge/cloud-studio/7b25e3b651dafffb76716bdf0c7d778d2e441182/gzmfm_L4_chi100/index.json,
gzmfm_L4_chi1000,True,101,101,0.0,5.0,2355112,historical; matched-code comparability not certified,https://raw.githubusercontent.com/KaanBoge/cloud-studio/7b25e3b651dafffb76716bdf0c7d778d2e441182/gzmfm_L4_chi1000/index.json,
gzmfm_L5_chi10,True,101,101,0.0,5.0,121617533,historical; matched-code comparability not certified,https://raw.githubusercontent.com/KaanBoge/cloud-studio/7b25e3b651dafffb76716bdf0c7d778d2e441182/gzmfm_L5_chi10/index.json,
gzmfm_L5_chi100,True,60,60,0.0,2.95,1157154,historical; matched-code comparability not certified,https://raw.githubusercontent.com/KaanBoge/cloud-studio/7b25e3b651dafffb76716bdf0c7d778d2e441182/gzmfm_L5_chi100/index.json,
gzmfv_L3_chi10,True,101,101,0.0,5.0,2350925,historical; matched-code comparability not certified,https://raw.githubusercontent.com/KaanBoge/cloud-studio/7b25e3b651dafffb76716bdf0c7d778d2e441182/gzmfv_L3_chi10/index.json,
gzmfv_L3_chi100,True,101,101,0.0,5.0,582040,historical; matched-code comparability not certified,https://raw.githubusercontent.com/KaanBoge/cloud-studio/7b25e3b651dafffb76716bdf0c7d778d2e441182/gzmfv_L3_chi100/index.json,
gzmfv_L3_chi1000,True,101,101,0.0,5.0,563276,historical; matched-code comparability not certified,https://raw.githubusercontent.com/KaanBoge/cloud-studio/7b25e3b651dafffb76716bdf0c7d778d2e441182/gzmfv_L3_chi1000/index.json,
gzmfv_L4_chi10,True,101,101,0.0,5.0,18748711,historical; matched-code comparability not certified,https://raw.githubusercontent.com/KaanBoge/cloud-studio/7b25e3b651dafffb76716bdf0c7d778d2e441182/gzmfv_L4_chi10/index.json,
gzmfv_L4_chi100,True,101,101,0.0,5.0,3474414,historical; matched-code comparability not certified,https://raw.githubusercontent.com/KaanBoge/cloud-studio/7b25e3b651dafffb76716bdf0c7d778d2e441182/gzmfv_L4_chi100/index.json,
gzmfv_L4_chi1000,True,70,70,0.0,3.45,2233439,historical; matched-code comparability not certified,https://raw.githubusercontent.com/KaanBoge/cloud-studio/7b25e3b651dafffb76716bdf0c7d778d2e441182/gzmfv_L4_chi1000/index.json,
gzmfv_L5_chi10,True,101,101,0.0,5.0,131267830,historical; matched-code comparability not certified,https://raw.githubusercontent.com/KaanBoge/cloud-studio/7b25e3b651dafffb76716bdf0c7d778d2e441182/gzmfv_L5_chi10/index.json,
ramses_L1_chi10,True,44,44,0.0,5.0,15403,historical; matched-code comparability not certified,https://raw.githubusercontent.com/KaanBoge/cloud-studio/7b25e3b651dafffb76716bdf0c7d778d2e441182/ramses_L1_chi10/index.json,
ramses_L1_chi100,True,101,101,0.0,5.026,18937,historical; matched-code comparability not certified,https://raw.githubusercontent.com/KaanBoge/cloud-studio/7b25e3b651dafffb76716bdf0c7d778d2e441182/ramses_L1_chi100/index.json,
ramses_L1_chi1000,True,101,101,0.0,5.008,20299,historical; matched-code comparability not certified,https://raw.githubusercontent.com/KaanBoge/cloud-studio/7b25e3b651dafffb76716bdf0c7d778d2e441182/ramses_L1_chi1000/index.json,
ramses_L2_chi10,True,89,89,0.0,5.025,122110,historical; matched-code comparability not certified,https://raw.githubusercontent.com/KaanBoge/cloud-studio/7b25e3b651dafffb76716bdf0c7d778d2e441182/ramses_L2_chi10/index.json,
ramses_L2_chi100,True,101,101,0.0,5.01,51000,historical; matched-code comparability not certified,https://raw.githubusercontent.com/KaanBoge/cloud-studio/7b25e3b651dafffb76716bdf0c7d778d2e441182/ramses_L2_chi100/index.json,
ramses_L2_chi1000,True,101,101,0.0,5.001,49725,historical; matched-code comparability not certified,https://raw.githubusercontent.com/KaanBoge/cloud-studio/7b25e3b651dafffb76716bdf0c7d778d2e441182/ramses_L2_chi1000/index.json,
ramses_L3_chi10,True,101,101,0.0,5.008,732235,historical; matched-code comparability not certified,https://raw.githubusercontent.com/KaanBoge/cloud-studio/7b25e3b651dafffb76716bdf0c7d778d2e441182/ramses_L3_chi10/index.json,
ramses_L3_chi100,True,101,101,0.0,5.009,379884,historical; matched-code comparability not certified,https://raw.githubusercontent.com/KaanBoge/cloud-studio/7b25e3b651dafffb76716bdf0c7d778d2e441182/ramses_L3_chi100/index.json,
ramses_L3_chi1000,True,101,101,0.0,5.002,372188,historical; matched-code comparability not certified,https://raw.githubusercontent.com/KaanBoge/cloud-studio/7b25e3b651dafffb76716bdf0c7d778d2e441182/ramses_L3_chi1000/index.json,
ramses_L4_chi10,True,101,101,0.0,5.005,3620084,historical; matched-code comparability not certified,https://raw.githubusercontent.com/KaanBoge/cloud-studio/7b25e3b651dafffb76716bdf0c7d778d2e441182/ramses_L4_chi10/index.json,
ramses_L4_chi100,True,101,101,0.0,5.003,1874280,historical; matched-code comparability not certified,https://raw.githubusercontent.com/KaanBoge/cloud-studio/7b25e3b651dafffb76716bdf0c7d778d2e441182/ramses_L4_chi100/index.json,
ramses_L4_chi1000,True,101,101,0.0,5.0,1870062,historical; matched-code comparability not certified,https://raw.githubusercontent.com/KaanBoge/cloud-studio/7b25e3b651dafffb76716bdf0c7d778d2e441182/ramses_L4_chi1000/index.json,
ramses_L5_chi10,True,21,21,0.0,5.005,3432678,historical; matched-code comparability not certified,https://raw.githubusercontent.com/KaanBoge/cloud-studio/7b25e3b651dafffb76716bdf0c7d778d2e441182/ramses_L5_chi10/index.json,
ramses_L5_chi100,True,21,21,0.0,5.001,1915168,historical; matched-code comparability not certified,https://raw.githubusercontent.com/KaanBoge/cloud-studio/7b25e3b651dafffb76716bdf0c7d778d2e441182/ramses_L5_chi100/index.json,
ramses_L5_chi1000,True,21,21,0.0,5.0,1948423,historical; matched-code comparability not certified,https://raw.githubusercontent.com/KaanBoge/cloud-studio/7b25e3b651dafffb76716bdf0c7d778d2e441182/ramses_L5_chi1000/index.json,
